true,INEGI:MUNID,string,62,2455,2455
true,biergarten,string,464,1417,4
true,aerialway:duration,string,538,1707,349
true,ref:kmb,string,54,3193,3174
true,faculty,string,159,574,249
true,seamark:beacon_cardinal:colour,string,90,625,7
true,room,string,1127,26835,546
true,railway:switch:heated,string,98,6778,2
true,name:hi,string,1149,5492,3866
true,old_railway_operator,string,2444,120738,711
true,disused,string,6258,62476,275
true,note,string,54179,2987070,581882
true,length,string,3505,94309,14954
true,addr:subdistrict,string,1490,170074,29216
true,bell_tower,string,64,89,6
true,seamark:fog_signal:group,string,88,444,44
true,seamark:pipeline_submarine:category,string,86,1814,9
true,destination:street:to,string,46,230,114
true,subway,string,952,24116,29
true,ship,string,1219,10057,16
true,recycling:clothes,string,9137,44629,6
true,trail_visibility,string,22457,363170,119
true,name:right,string,2213,25322,8334
true,pipeline,string,1213,30440,113
true,overtaking:hgv,string,302,6288,7
true,atmotorway,string,42,205,1
true,seamark:light:group,string,492,7576,39
true,bicycle:backward,string,396,1525,15
true,roof:edge,string,277,10822,6
true,ref:lor,string,53,19994,257
true,repair,string,1021,2794,89
true,ref:rce,string,91,4527,4346
true,operator:wikidata,string,693,39654,2059
true,is_in:ocean,string,85,280,13
true,lamp_type,string,1152,86131,115
true,designated_direction,string,142,7909,3
true,visibility,string,1838,8656,51
true,butcher,string,300,601,47
true,tactile_paving,string,9704,265547,82
true,public_bookcase:type,string,239,569,23
true,field,string,128,592,17
true,grade,string,598,1923,63
true,voltage:primary,string,94,6741,66
true,railway:signal:main,string,289,29738,52
true,parking:condition,string,436,2159,54
true,bus,string,18109,1110591,221
true,usage,string,9043,890895,228
true,stream,string,172,206634,61
true,parking:lane:right,string,3419,40489,67
true,drive_in,string,909,1789,6
true,reservoir_type,string,1463,14913,99
true,seamark:shoreline_construction:category,string,50,488,13
true,highway:category,string,198,7338,26
true,maxheight:physical,string,318,850,191
true,is_in:island,string,151,815,129
true,advertising,string,2337,38383,65
true,community,string,373,1364,256
true,backcountry,string,389,3030,5
true,monitoring:groundwater,string,63,393,4
true,exit_to,string,1146,15785,11091
true,name:ar,string,13700,478555,280269
true,camp_site,string,1000,7065,68
true,name:botanical,string,914,24830,1305
true,currency:GBP,string,166,374,2
true,ref_name,string,1189,52951,34096
true,nudism,string,609,1554,13
true,survey:date,string,3767,460666,4138
true,seamark:radar_transponder:category,string,125,834,3
true,is_in:state,string,5444,909317,1472
true,garden:style,string,226,804,38
true,asb,string,1504,7063,312
true,disabled,string,530,3566,23
true,name:pl,string,4234,90728,45104
true,reference_point,string,79,293,8
true,name:kn:iso15919,string,55,10173,8301
true,ref:cobe,string,177,15049,15045
true,railway:switch:electric,string,231,21851,3
true,fire_hydrant:diameter,string,4782,449465,699
true,landcover,string,1668,49092,120
true,fenced,string,1650,5842,8
true,animal_shelter,string,351,567,91
true,bridge:support,string,345,3615,35
true,cycle,string,179,467,13
true,surface,string,192361,21553199,6086
true,route_ref:TECH,string,50,5647,448
true,contact,string,84,195,165
true,drink,string,213,510,57
true,right,string,129,1102,406
true,name:cy,string,839,10726,5903
true,addr:province,string,7524,2730195,1861
true,crossing_ref,string,9200,342261,97
true,drinking_water:legal,string,160,720,3
true,name:jbo,string,95,423,248
true,construction_end_expected,string,121,955,73
true,oven,string,155,282,14
true,passenger,string,388,21651,24
true,agrarian,string,89,145,56
true,two_sided,string,310,4415,4
true,name:be-tarask,string,431,7267,2012
true,tenant,string,254,548,444
true,class,string,339,2180,101
true,ferry:cable,string,77,102,2
true,dock,string,285,994,31
true,recycling:glass_bottles,string,6275,40926,15
true,tactile_writing:braille:lg,string,43,150,2
true,seamark:gate:category,string,40,401,7
true,tickets:public_transport,string,99,715,2
true,booking,string,55,225,13
true,checkpoint,string,179,9316,12
true,office,string,56664,434941,3485
true,motorway,string,83,273,16
true,route_ref:TECL,string,110,9309,985
true,mtb:scale:imba,string,4823,29742,28
true,natural,string,113970,31633689,1431
true,brand,string,20406,252034,22485
true,beacon:type,string,209,3195,71
true,geological,string,727,6662,114
true,monastery:type,string,126,251,11
true,aerialway:drag_lift,string,66,212,5
true,self_service,string,2690,6349,12
true,traffic_signals:sound,string,1697,15918,18
true,currency:USD,string,444,2101,3
true,WroclawGIS:addr:layer,string,65,36305,1
true,cutline,string,687,28293,35
true,contact:linkedin,string,111,313,282
true,capacity:women,string,3133,13427,60
true,cables,string,9668,387431,101
true,sign,string,180,1082,169
true,information,string,19170,507442,1677
true,gas,string,199,620,36
true,wheelchair:description:en,string,136,267,168
true,rcn_ref,string,2318,41840,848
true,repeat_on,string,80,1731,155
true,razed,string,95,498,32
true,real_fire,string,48,205,7
true,raba:id,string,255,881314,23
true,ref:FR:RTE_nom,string,97,3354,3206
true,handicap,string,231,3796,130
true,junction:ref,string,437,11787,1092
true,subject:wikipedia,string,111,1936,770
true,WroclawGIS:addr:postcode:layer,string,67,36776,2
true,WroclawGIS:addr:id,string,70,41443,41319
true,preschool,string,74,121,2
true,is_sidepath,string,65,2491,3
true,operator:wikipedia,string,254,9332,1511
true,motorcar,string,24898,411813,140
true,ncat,string,2010,151083,175
true,computer:repair,string,49,60,4
true,kids_area,string,49,90,5
true,building:flats,string,1157,1618209,729
true,addr:conscriptionnumber,string,3004,3364532,16125
true,substance,string,2283,46301,122
true,castle_type:de,string,418,1497,40
true,fuel:octane_98,string,6317,33248,7
true,trailer,string,220,1286,10
true,ref:FR:commune,string,64,8059,3261
true,traffic_calming,string,13248,358538,243
true,monitoring:traffic,string,66,473,7
true,maxspeed:practical,string,1300,20526,141
true,vending,string,9156,110058,1033
true,water_slide,string,315,1137,19
true,navigationaid,string,112,3437,52
true,osm,string,53,396,19
true,destination:symbol,string,1001,15637,1523
true,washing_machine,string,167,526,2
true,addr:hamlet:it,string,176,24961,146
true,contact:email,string,7527,88272,77479
true,cyclability,string,59,508,8
true,toilets:access,string,643,14080,28
true,via_ferrata_scale,string,259,1308,24
true,change:backward,string,190,4334,7
true,payment:account_cards,string,570,2437,15
true,fuel:e85,string,1371,3696,5
true,seamark:cable_submarine:category,string,91,1307,8
true,monitoring:seismic_activity,string,44,100,2
true,is_in:suburb,string,517,17005,2005
true,kneipp_water_cure,string,40,202,5
true,vehicle,string,11832,184508,300
true,drink:raw_milk,string,62,146,4
true,stile,string,600,16915,44
true,seamark:wreck:category,string,100,1374,6
true,imagery_used,string,68,588,23
true,not:name,string,1159,14345,7669
true,handrail:center,string,588,2642,4
true,monitoring:weather,string,843,3109,11
true,motorcycle:rental,string,89,448,5
true,wholesale,string,390,824,137
true,seamark:beacon_lateral:shape,string,218,15996,10
true,demolished,string,235,1596,179
true,maxspeed:advisory,string,645,15777,45
true,highway,string,381496,130261937,692
true,flickr,string,47,447,426
true,communication:bos,string,178,1096,4
true,construction,string,11357,280229,771
true,photo,string,139,643,465
true,floating,string,1835,19807,9
true,studio,string,1031,2432,78
true,destination:street,string,540,25692,10494
true,technology,string,566,15564,225
true,mineshaft_type,string,284,1439,29
true,community_centre:for,string,670,2054,73
true,harbour:category,string,46,192,12
true,gritting,string,370,18701,13
true,building:facade:colour,string,196,11621,282
true,reservation,string,516,1699,21
true,service_times,string,2964,11121,5280
true,tower:type,string,13771,230858,889
true,mobile_phone:repair,string,62,87,3
true,observatory:type,string,235,468,18
true,mtb:description,string,666,4318,1737
true,generator:output:steam,string,203,368,35
true,wetland,string,8161,723920,277
true,crop,string,5405,205046,1726
true,official_name:ar,string,40,135,117
true,architect:wikidata,string,131,705,349
true,museum_type,string,84,478,56
true,basin,string,1834,18734,66
true,defensive,string,48,97,5
true,telescope:diameter,string,103,489,160
true,impromptu,string,194,1314,4
true,contact:youtube,string,300,4456,556
true,contact:vk,string,320,15283,4226
true,ref,string,85133,10604885,1973534
true,level,string,16293,506914,1590
true,grande_circulation,string,41,2273,1
true,contact:phone,string,12974,244909,217086
true,ticks,string,73,1020,22
true,historic:civilization,string,1560,9691,370
true,tourism,string,141599,1741381,1579
true,residential,string,3657,281163,177
true,tram,string,2252,57390,24
true,wikidata,string,18364,1115655,911126
true,name:nov,string,112,425,257
true,addr:street:de,string,408,93740,3258
true,oneway:bicycle,string,6239,80912,15
true,animal_boarding,string,333,544,43
true,supervised,string,21458,167560,135
true,indoor_seating,string,254,572,4
true,voltage:secondary,string,91,6646,79
true,addr:city:it,string,471,117533,155
true,official_ref,string,507,19607,2960
true,loading_gauge,string,368,44338,34
true,fire_hydrant:housenumber,string,291,26184,2610
true,fire_hydrant:street,string,306,28019,6057
true,piste:type,string,6109,161637,119
true,furniture,string,258,650,104
true,name:eo,string,997,9303,3784
true,roof:height,string,2883,189795,1665
true,aeroway,string,15955,400612,274
true,lunch,string,198,635,51
true,salt,string,526,12455,3
true,note:ja,string,3468,619870,646
true,stop,string,1077,16338,152
true,recycling:scrap_metal,string,3938,10292,3
true,seamark:conspicuity,string,42,486,3
true,operator:ja,string,737,56952,357
true,seamark:buoy_special_purpose:colour,string,259,7171,33
true,seamark:buoy_special_purpose:shape,string,249,7025,11
true,smokefree,string,55,73,2
true,status,string,1282,46590,326
true,seamark:beacon_special_purpose:colour,string,155,6088,46
true,rental,string,639,2507,171
true,socket:tesla_supercharger,string,102,436,19
true,name:fr,string,14306,376223,232289
true,year_of_construction,string,642,9796,1117
true,railway:signal:speed_limit_distant,string,164,8185,30
true,hour_off,string,816,2290,183
true,name:pronunciation,string,61,1626,163
true,hgv,string,13965,529373,145
true,is_in:village,string,988,79505,20670
true,feeding:type,string,78,610,35
true,building:place,string,63,51430,4
true,second_hand,string,3422,11203,34
true,royal_cypher,string,384,22837,28
true,seamark:light:exhibition,string,92,1590,7
true,seamark:buoy_cardinal:category,string,174,7569,4
true,lines,string,615,6316,1462
true,USGS-LULC:STATECTY,string,236,14437,147
true,loc_ref,string,2669,95880,38359
true,bike_ride,string,174,1453,15
true,maintenance,string,591,34312,47
true,place:PH,string,44,4257,15
true,plant:output,string,44,54,47
true,fuel:octane_100,string,1643,3712,6
true,animated,string,137,1645,15
true,topmark:colour,string,65,974,9
true,addr:street:en,string,222,165730,3392
true,mapillary,string,633,18825,16576
true,unsigned,string,115,1653,5
true,seamark:type,string,4104,340370,102
true,is_in:city,string,4734,233443,3537
true,rednap:latitud,string,240,26212,25998
true,floor:material,string,243,9307,36
true,seamark:buoy_lateral:shape,string,416,39500,8
true,url,string,8457,342203,185629
true,destination:ref,string,3133,144377,20561
true,ref:TECB,string,56,3602,3599
true,depth,string,1361,16931,1480
true,bridge:name,string,1820,24180,15194
true,beacon:colour,string,101,1379,18
true,unisex,string,5373,24596,12
true,diet:vegetarian,string,1614,8059,12
true,railway:signal:combined,string,142,6154,15
true,airmark,string,219,2123,11
true,air_conditioning,string,123,684,3
true,motorboat,string,1968,25203,16
true,musical_instrument,string,82,121,25
true,ref:colour,string,273,8268,76
true,osmarender:renderRef,string,45,219,3
true,placement,string,2444,100328,50
true,male,string,3567,21630,31
true,osmarender:renderName,string,94,379,6
true,xmas:feature,string,407,1751,12
true,scuba_diving:type,string,49,113,37
true,healthcare,string,11593,60331,279
true,beacon:frequency,string,142,1261,711
true,flag:type,string,299,2608,96
true,building:condition,string,806,161809,86
true,unsigned_ref,string,1337,53417,4018
true,fair_trade,string,484,1097,75
true,diet:lactose_free,string,71,115,4
true,date_on,string,214,631,137
true,golf:course,string,636,2745,31
true,automatic_door,string,302,1260,8
true,memorial:type,string,1293,23365,107
true,camp_type,string,42,448,9
true,traffic_island,string,47,685,9
true,resource,string,2327,27143,454
true,hunting,string,174,2964,11
true,maritime,string,454,8429,6
true,fuel,string,1800,4771,124
true,url:miserend,string,177,4128,4125
true,waste,string,1663,15581,219
true,health_facility:type,string,1581,11055,101
true,golf_cart,string,251,8980,11
true,door,string,735,42970,69
true,bulk_purchase,string,61,575,5
true,building:height,string,1979,58152,3613
true,min_age,string,1214,5519,154
true,service:bicycle:retail,string,2360,5600,6
true,faces,string,341,3934,9
true,leaf_cycle,string,9835,1049656,46
true,addr:country,string,55972,25468058,528
true,name,string,576558,62741123,22133905
true,format,string,342,6652,50
true,cycleway:left,string,6168,52135,87
true,plant,string,464,1940,89
true,phases,string,334,9183,58
true,capital,string,970,16220,91
true,name:left,string,2216,25302,8454
true,service:bicycle:pump,string,1104,2745,8
true,product,string,1628,29424,1309
true,informal,string,515,3344,7
true,seamark:buoy_isolated_danger:shape,string,45,432,7
true,fire_hydrant:count,string,444,5371,166
true,telescope:type,string,192,808,19
true,parking:lane:left,string,3118,34676,74
true,wikimedia_commons,string,672,7479,6578
true,ski,string,6842,44726,31
true,seamark:landmark:category,string,656,6663,28
true,noname,string,7521,272549,48
true,turn:lanes,string,8217,380967,4086
true,maxaxleload,string,1614,90722,160
true,railway:signal:direction,string,537,117776,14
true,artist_name,string,4107,27672,15292
true,maxspeed:source,string,1428,22628,729
true,lamp_mount,string,214,38718,40
true,bridge,string,59037,3430891,259
true,not_served_by,string,42,731,280
true,hov:lanes,string,161,3696,78
true,kerb,string,2822,84087,77
true,carriage,string,352,5705,13
true,subsea,string,106,1351,15
true,addr:city:de,string,468,117508,157
true,zone:traffic,string,3077,91996,46
true,pumping_station,string,305,922,14
true,shade,string,61,637,12
true,agricultural,string,4980,54354,67
true,windmill:disused,string,66,216,2
true,openGeoDB:postal_codes,string,2521,21582,8185
true,maxheight,string,10651,109918,1748
true,seamark:topmark:shape,string,488,37866,30
true,seamark:beacon_special_purpose:category,string,94,4638,25
true,seamark:light:range,string,913,16474,264
true,asset_ref,string,171,8456,8241
true,parking:condition:right,string,1535,14151,76
true,mooring,string,2070,28769,61
true,alt_name:en,string,1914,26451,11286
true,canoe,string,1143,8815,24
true,name:io,string,217,766,446
true,contact:instagram,string,483,6482,1503
true,seamark:light:colour,string,1308,38228,24
true,smoking:outside,string,284,628,5
true,is_in:country_code,string,4464,341569,222
true,seamark:light:category,string,254,5281,38
true,openGeoDB:community_identification_number,string,2506,23484,21916
true,fuel:electricity,string,1002,1735,6
true,ncn_ref,string,1434,12173,255
true,exit,string,374,9723,50
true,wheelchair:description,string,7061,52444,30924
true,street_cabinet,string,716,15796,89
true,ford,string,10360,259013,64
true,heritage:operator,string,3177,89570,309
true,openGeoDB:loc_id,string,2558,24254,24088
true,4wd_only,string,688,10333,14
true,gluten_free,string,63,109,6
true,feeding:for,string,68,505,22
true,width,string,51462,1575403,4371
true,water_point,string,231,1231,8
true,openGeoDB:auto_update,string,2463,20796,8
true,alt_name:ar,string,171,1732,1023
true,from,string,6871,123070,58261
true,naturbase:iid,string,81,1196,954
true,river:waterway_distance,string,329,8367,4561
true,generator:source,string,7508,403118,201
true,fuel:biogas,string,1019,1562,6
true,change:lanes,string,1491,25679,428
true,seamark:beacon_lateral:colour,string,298,16345,32
true,recycling:glass,string,13240,71773,18
true,fuel:adblue,string,438,1097,7
true,maxspeed:variable,string,503,12689,23
true,step_count,string,6181,67419,586
true,managed,string,229,5331,11
true,map_size,string,3850,25791,119
true,seamark:small_craft_facility:category,string,654,7686,84
true,brewery,string,1636,4520,1666
true,female,string,3443,21272,42
true,artwork_subject,string,119,562,248
true,bollard,string,2338,13021,86
true,diameter,string,556,11869,698
true,grades,string,197,4080,200
true,military,string,6879,70021,287
true,junction,string,21879,574647,215
true,capacity:disabled,string,8450,60776,96
true,caravans,string,1359,4184,33
true,tunnel,string,35444,1675938,258
true,seamark:fog_signal:period,string,96,480,35
true,TODO,string,541,2501,365
true,switch,string,131,18160,286
true,overtaking,string,2650,52019,24
true,obstacle,string,456,5060,56
true,seamark:distance_mark:distance,string,121,9209,2043
true,goods,string,4529,37800,55
true,theatre:genre,string,416,819,75
true,bicycle_parking,string,8153,115503,349
true,name:it,string,4578,61129,30268
true,country,string,1874,14239,529
true,species:de,string,573,176623,1357
true,seamark:landmark:conspicuity,string,413,2683,3
true,historic:era,string,49,403,48
true,city_limit,string,71,612,15
true,bin,string,4284,81054,24
true,lock_ref,string,113,3599,456
true,wheelchair,string,58399,1282257,218
true,tpuk_ref,string,69,126,125
true,clothes,string,2929,15443,1046
true,addr:postcode,string,219028,53879731,877215
true,destination:int_ref,string,255,3430,288
true,subject:wikidata,string,197,2555,1146
true,recycling:plastic,string,4330,18931,11
true,addr:street:name,string,611,609841,5289
true,recycling:cans,string,7300,29764,4
true,addr:housenumber,string,254210,79408859,1059216
true,denotation,string,4361,731955,254
true,service:bicycle:second_hand,string,842,1536,4
true,religion,string,66611,1047611,765
true,KSJ2:segment,string,92,2759,816
true,contact:facebook,string,2216,29034,17062
true,indoor,string,4298,157112,117
true,internet_access,string,58513,179392,317
true,communication,string,540,10430,86
true,seamark:buoy_cardinal:colour_pattern,string,161,7374,2
true,steps,string,824,8481,107
true,seamark,string,357,10938,4
true,seamark:light:height,string,929,17011,549
true,admin_level,string,31277,1409647,124
true,seamark:buoy_lateral:category,string,434,40032,23
true,date_off,string,189,514,130
true,microbrewery,string,2230,4579,5
true,VRS:ref,string,552,17556,7693
true,payment:coins,string,6544,49492,73
true,elevator,string,448,1914,28
true,building:use,string,4927,632473,927
true,motorroad,string,4538,133306,17
true,turn:lanes:forward,string,6841,175932,1275
true,power_rating,string,46,179,50
true,inscription,string,4882,31606,26902
true,short_name:ru,string,96,257,222
true,seamark:light:character,string,1235,35920,25
true,todo,string,977,36463,935
true,maxspeed:backward,string,3670,52448,76
true,zone,string,597,36919,2125
true,blind:description:en,string,62,141,113
true,railway:lzb,string,412,51204,7
true,fuel:GTL_diesel,string,2083,7219,2
true,paved:date,string,145,7068,212
true,building:usage:pl,string,470,256311,159
true,left,string,126,1060,417
true,gambling,string,594,1644,52
true,lanes:forward,string,10611,424903,25
true,fire_hydrant:type,string,9531,718919,147
true,tourist_bus,string,1223,6192,31
true,maxlength,string,1355,7692,433
true,nat_ref,string,3462,89895,8159
true,addr:city,string,202674,58245328,213773
true,railway:etcs,string,731,89732,7
true,seamark:mooring:category,string,288,33180,10
true,whitewater:rapid_grade,string,174,1103,31
true,day_off,string,362,832,52
true,cyclestreets_id,string,130,1145,1061
true,date,string,1950,62210,1729
true,destination,string,6981,289050,106545
true,cycleway,string,28369,720800,250
true,iata,string,1748,9553,8739
true,designation,string,17484,260481,37381
true,industrial,string,3010,26670,720
true,railway:switch:movable_frog,string,75,1700,3
true,fuel:1_25,string,891,1445,4
true,colour,string,10967,283955,8231
true,is_in:town,string,877,30287,1617
true,railway:traffic_mode,string,1731,185988,4
true,generator:method,string,5513,276367,95
true,bridge:type,string,56,125,31
true,name:pt,string,3785,26714,18568
true,departures_board,string,142,2785,19
true,embankment,string,12201,149193,64
true,capacity:parent,string,3152,13428,43
true,source:date,string,14040,24121613,10209
true,class:bicycle:commute,string,228,3884,7
true,addr:hamlet:de,string,178,24964,146
true,addr:streetnumber,string,1684,739942,2998
true,fuel:e10,string,2471,11589,5
true,scuba_diving:rental,string,51,91,1
true,fountain,string,87,596,18
true,cycling,string,80,502,14
true,artwork_type,string,7875,52374,692
true,ISO3166-1:alpha2,string,91,347,255
true,produce,string,1489,14571,746
true,viewpoint,string,57,207,12
true,ref:at:okz,string,67,644,637
true,image,string,4797,99052,90303
true,maxspeed,string,106777,9428559,867
true,name:ca,string,1796,32684,14559
true,summit:register,string,164,766,2
true,whitewater,string,557,4832,46
true,stars,string,8917,38843,138
true,public_transport,string,24099,1897228,207
true,fixme,string,27439,1216321,134414
true,waste_basket,string,582,11104,25
true,import_uuid,string,2756,228068,16
true,hazard_type,string,223,4792,34
true,official_name,string,6320,136606,72038
true,is_in:county,string,2537,140104,6476
true,lanes:backward,string,10616,464051,21
true,roof:angle,string,594,8158,112
true,massage,string,449,1105,70
true,payment:debit_cards,string,3375,17216,46
true,busway:right,string,756,3678,10
true,map_type,string,3930,25655,75
true,grassland,string,491,4369,61
true,name:ta,string,627,7456,5381
true,seamark:fog_signal:category,string,148,860,8
true,aerodrome:type,string,632,2499,29
true,crossing:barrier,string,2801,40803,21
true,motorcycle_friendly,string,54,159,2
true,sidewalk,string,26402,1261927,183
true,shoes,string,201,438,43
true,tobacco,string,509,1682,5
true,crossing:bell,string,1625,22686,5
true,name:sl,string,791,7205,4295
true,addr:housename,string,31096,334301,211498
true,railway:signal:distant,string,233,22605,34
true,temporary:date_off,string,129,318,120
true,nhd-shp:fcode,string,91,42009,10
true,admin_type:FR,string,75,1714,22
true,name:el,string,2447,50499,24146
true,fuel:octane_92,string,1958,9939,5
true,seamark:beacon_special_purpose:shape,string,144,3187,8
true,name:ru,string,28336,933154,315439
true,WroclawGIS:addr:postcode:id,string,72,40501,40371
true,service,string,69131,8849560,3437
true,memorial,string,6206,41496,360
true,smoothness,string,26390,1228661,199
true,intermittent,string,9784,1802239,55
true,plant:source,string,366,3111,52
true,addr:village,string,399,64088,3981
true,openGeoDB:layer,string,2478,21908,9
true,name:mk,string,691,3180,1956
true,railway:radio,string,695,88338,18
true,post_office:type,string,519,5324,32
true,easy_overtaking,string,49,422,8
true,crossing:on_demand,string,159,1572,3
true,cocktails,string,121,290,3
true,openGeoDB:version,string,2422,20536,3
true,seamark:bridge:clearance_height,string,267,3868,867
true,name:ja-Latn,string,290,14103,5008
true,contact:webcam,string,208,680,621
true,public_transport:version,string,5311,120731,20
true,animal,string,1249,10157,729
true,seats,string,6347,145139,212
true,monitoring:air_quality,string,251,591,10
true,alt_name:th,string,86,575,193
true,moped,string,2572,96807,31
true,police,string,94,180,27
true,outdoor_seating,string,18384,74920,67
true,social_facility,string,8396,54506,223
true,website,string,110956,1495344,1179708
true,temporary,string,199,1507,17
true,wikipedia:ru,string,425,30649,28122
true,power,string,34194,17022442,379
true,restriction,string,20234,884516,267
true,substation,string,4474,122800,190
true,addr:full,string,4014,682883,553541
true,seamark:restricted_area:restriction,string,284,1815,70
true,recycling,string,83,229,33
true,crossing:saltire,string,539,12302,3
true,local_ref,string,4379,126754,40532
true,frequency,string,10531,990466,752
true,source:maxwidth,string,59,154,25
true,diaper,string,2459,7182,18
true,wires,string,4027,115395,49
true,label,string,157,3520,1100
true,vending_machine,string,340,5731,24
true,comment,string,4158,239223,78280
true,horse,string,59795,891666,189
true,uuid:building,string,66,73570,73545
true,route_ref:TECN,string,52,5358,465
true,platforms,string,707,4045,54
true,reef,string,156,3150,17
true,seamark:beacon_cardinal:colour_pattern,string,86,567,1
true,name_1,string,11077,844350,246375
true,name:ga,string,854,69739,39527
true,seamark:harbour:category,string,900,5892,65
true,addr:inclusion,string,1109,244267,20
true,name:mg,string,142,584,476
true,population,string,12099,484034,39895
true,name:sv,string,2056,91916,32354
true,lcn_ref,string,1150,10392,1818
true,generator:output,string,180,731,217
true,payment:notes,string,3509,21257,37
true,boundary,string,36093,1742640,525
true,fuel:octane_80,string,860,2871,2
true,proposed,string,3580,54762,317
true,history,string,5854,43170,196
true,historic,string,55338,889274,2224
true,leisure,string,170805,4612065,2108
true,psv,string,8224,89091,51
true,topmark,string,131,2431,6
true,seamark:buoy_cardinal:shape,string,155,7276,8
true,living_street,string,5180,235444,33
true,navibot:connect,string,62,614,1
true,sustrans_ref,string,84,428,426
true,name:cs,string,2111,38346,23962
true,atv,string,300,3008,20
true,diet:vegan,string,1253,5180,10
true,fireplace,string,3610,16231,27
true,speisebezirk,string,96,2611,223
true,seamark:distance_mark:category,string,119,9204,7
true,FIXME,string,11774,176960,28427
true,facebook,string,1240,10364,9667
true,cargo,string,947,2490,114
true,name:ja,string,6883,498789,143976
true,diocese,string,333,10332,128
true,addr:region,string,2673,393720,273
true,generator:output:heat,string,128,225,64
true,sauna,string,257,447,12
true,internet,string,115,965,53
true,happy_hours,string,65,329,217
true,noaddress,string,41,2830,1
true,layer,string,64600,5624695,317
true,seamark:beacon_isolated_danger:colour,string,53,702,17
true,fire_hydrant:position,string,5951,360167,1307
true,description,string,57402,1167536,501666
true,addr:street:it,string,407,97402,3544
true,name:ku,string,2061,17885,13787
true,line,string,1575,71288,1381
true,station,string,836,14089,133
true,barrier,string,73537,9097614,1640
true,osmc:symbol,string,4958,79185,17640
true,end_date,string,2059,21784,2178
true,ramp,string,3114,24809,38
true,ref:bic,string,93,527,422
true,addr:letter,string,263,10301,288
true,contact:website,string,10671,184774,134966
true,shelter,string,24281,670422,279
true,castle_type,string,2356,10928,100
true,name:zh,string,7345,313730,156775
true,name:ber,string,149,7337,5165
true,name:fy,string,356,3027,1751
true,dhm_id,string,68,1095,1074
true,voltage,string,15603,1249960,1676
true,motorcycle:conditional,string,175,1110,90
true,light_rail,string,406,8368,10
true,seamark:radar_transponder:group,string,106,745,42
true,payment:maestro,string,1740,6980,5
true,reference,string,159,720,391
true,maxspeed:type,string,7929,198362,380
true,created_by,string,16212,11432580,500
true,source:building,string,977,249390,254
true,origin,string,465,3868,252
true,traffic_signals,string,6776,136658,147
true,payment:american_express,string,1237,4836,7
true,cuisine,string,82572,623829,35445
true,diet:gluten_free,string,337,1044,6
true,route,string,25469,607514,1199
true,atm,string,27979,153065,78
true,type,string,71445,6052489,4809
true,generator:place,string,195,5584,7
true,crossing:activation,string,350,5011,11
true,wikipedia,string,22197,1021402,774542
true,addr:place,string,9960,7514873,96174
true,name:hu,string,2194,35051,22597
true,ts_desde,string,190,10652,5768
true,recycling:paper,string,9855,55050,15
true,postcode,string,182,1290,392
true,opening_hours,string,113057,1185453,334828
true,megalith_type,string,555,8892,49
true,lanes:psv:backward,string,358,1537,9
true,manufacturer,string,540,28274,652
true,trade,string,1024,3481,373
true,fuel:octane_91,string,3157,8747,4
true,isced:level,string,2221,130408,170
true,addr:floor,string,908,8454,274
true,ref:FR:MemorialGenWeb,string,46,197,196
true,crossing:island,string,58,720,3
true,payment:mastercard,string,2775,13222,10
true,temporary:date_on,string,125,307,106
true,denomination,string,40782,542568,3776
true,fhrs:authority,string,161,7874,58
true,support,string,2038,71284,125
true,direction,string,7159,280204,3243
true,shelter_type,string,10020,112926,327
true,notes,string,385,2635,941
true,addr:hamlet,string,1514,322387,10626
true,segregated,string,20490,477341,64
true,disused:amenity,string,2643,13490,261
true,communication:mobile_phone,string,2536,30708,147
true,fuel:HGV_diesel,string,2062,5369,6
true,fhrs:id,string,863,50626,50384
true,railway:switch,string,314,29804,26
true,fee,string,42404,449250,4333
true,seamark:buoy_cardinal:colour,string,166,7469,10
true,contact:twitter,string,813,8537,2416
true,post_box:type,string,1077,33350,59
true,roof:shape,string,11239,1794025,431
true,name:dv,string,106,408,223
true,traffic_sign,string,12004,510915,14879
true,building:shape,string,257,1220,28
true,car_wash,string,456,864,14
true,priority_road,string,980,24921,17
true,power_supply,string,1701,5964,62
true,openGeoDB:is_in_loc_id,string,2488,21753,2867
true,est_width,string,2705,76407,341
true,surveillance,string,4027,52596,109
true,bridge:ref,string,311,3251,1858
true,design,string,935,465458,149
true,priority,string,588,2763,39
true,school,string,1723,5470,301
true,location,string,9228,193385,9107
true,route_ref,string,3519,192860,38366
true,picture,string,89,591,577
true,fax,string,11673,100355,94911
true,smoking,string,34198,125613,126
true,roof:ridge,string,382,12478,21
true,incline,string,22203,394480,1275
true,species,string,2917,964653,6942
true,narrow,string,1162,7964,13
true,ref:ERDF:gdo,string,72,1769,1762
true,int_name,string,11245,409012,210532
true,traffic_signals:arrow,string,123,2163,8
true,cai_scale,string,191,5812,17
true,maxspeed:conditional,string,2561,99856,808
true,abandoned,string,3569,37754,222
true,name:te,string,245,2257,1803
true,lanes:bus,string,503,2352,24
true,landmark,string,717,1878,134
true,is_in:archipelago,string,93,516,61
true,sagns_id,string,302,8511,8390
true,ref:svhl,string,69,2322,1597
true,height:hub,string,50,2028,130
true,rack,string,207,5901,7
true,openGeoDB:license_plate_code,string,1822,10234,423
true,communication:television,string,488,2434,19
true,service:bicycle:diy,string,419,709,2
true,openGeoDB:is_in,string,2478,20112,2651
true,trailblazed,string,804,29594,24
true,is_in:district,string,546,41076,817
true,contact:fax,string,4865,53044,49900
true,motor_vehicle,string,64386,960996,625
true,manhole,string,602,36175,111
true,toilets:disposal,string,6407,61749,49
true,train,string,3390,81556,18
true,generator:output:electricity,string,3066,173632,2691
true,takeaway,string,19987,77084,30
true,foot,string,107943,4161210,329
true,fuel:ethanol,string,161,350,4
true,currency:EUR,string,1906,12136,4
true,left:country,string,520,5472,157
true,is_in:municipality,string,2207,152957,14722
true,lanes:both_ways,string,972,26520,10
true,drinking_water,string,5485,54645,65
true,fhrs:rating,string,153,3476,10
true,ref:TECN,string,52,5357,5353
true,vehicle:conditional,string,959,17410,7971
true,hour_on,string,809,2273,189
true,cycleway:right,string,8256,124242,85
true,addr:county,string,1605,181993,782
true,protection_title,string,2540,39531,1313
true,light:colour,string,89,28993,15
true,piste:grooming,string,3269,75000,66
true,organic,string,3900,11609,234
true,automated,string,1844,4982,9
true,lit,string,60695,2801957,231
true,camera:type,string,1635,27607,27
true,fortification_type,string,430,2879,41
true,ice_cream,string,179,322,7
true,name:mr,string,535,5572,2759
true,veterinary,string,63,95,8
true,circuits,string,2568,101800,26
true,ferry,string,1041,4525,46
true,cave:ref,string,108,3604,3470
true,surveillance:type,string,2345,36374,30
true,mtb,string,3713,48520,42
true,restriction:bicycle,string,88,1265,10
true,snowmobile,string,6801,73137,33
true,real_ale,string,473,3043,761
true,light,string,204,2301,12
true,monitoring:bicycle,string,51,348,2
true,recommended_speed,string,163,559,23
true,maxspeed:forward,string,3741,54112,80
true,location:transition,string,440,13357,4
true,gtfs_id,string,537,69842,41287
true,books,string,407,653,78
true,interval,string,284,4860,125
true,class:bicycle:roadcycling,string,165,775,7
true,contact:google_plus,string,520,2423,2161
true,maxheight:marine,string,51,104,69
true,openGeoDB:telephone_area_code,string,1517,7991,3662
true,payment,string,459,1390,151
true,obelisk:size,string,42,47,4
true,name:lg,string,51,352,231
true,footway,string,25914,1345342,240
true,railway:track_class,string,322,39424,18
true,name:be,string,2678,148321,43668
true,size,string,215,3050,244
true,roof:colour,string,5824,655648,16142
true,name:sc,string,152,1438,811
true,water_characteristic,string,96,309,27
true,brand:wikidata,string,722,36310,1061
true,KSJ2:curve_type,string,99,141239,3
true,bus_bay,string,155,2119,6
true,bicycle,string,104126,4062781,454
true,parking:condition:right:time_interval,string,520,3555,453
true,area,string,68659,973697,3348
true,addr:municipality,string,119,2549651,908
true,ts_codigo,string,190,10651,10642
true,toilets:position,string,1615,50031,31
true,name:kab,string,139,5770,4196
true,parking:lane:both,string,3770,63817,68
true,opening_hours:kitchen,string,217,663,570
true,defibrillator:location,string,329,1959,1750
true,place_name,string,401,1372,1010
true,sac_scale,string,21153,448843,177
true,name:he,string,2266,121659,54911
true,lottery,string,473,867,6
true,toilets:wheelchair,string,9259,99953,12
true,wood,string,7836,275187,287
true,cafe,string,433,1142,44
true,name:th,string,2634,43275,27038
true,social_facility:for,string,7282,25234,438
true,name:uk,string,7286,280199,94306
true,collection_times,string,5512,75698,12246
true,rooms,string,5651,19764,835
true,center_turn_lane,string,73,441,2
true,recycling_type,string,15494,142033,79
true,seamark:buoy_safe_water:colour_pattern,string,61,648,2
true,shower,string,764,2313,36
true,building:material,string,6450,1156543,996
true,design:ref,string,648,42355,1533
true,species:en,string,467,171105,1216
true,seamark:radar_reflector,string,119,1764,1
true,tidal,string,1040,22848,7
true,motorcycle:repair,string,156,892,6
true,buoy,string,225,8324,25
true,description:ru,string,328,1934,1530
true,toll,string,5593,290295,52
true,access:lanes,string,706,5799,202
true,stamps,string,104,155,3
true,whitewater:description,string,96,461,288
true,summit:cross,string,537,2119,5
true,change:lanes:backward,string,1371,25513,125
true,ele:local,string,134,1744,848
true,emergency_ward_entrance,string,55,118,8
true,ts_hacia,string,191,10688,4480
true,site,string,2595,131592,607
true,bakehouse,string,42,55,2
true,is_in:country,string,7719,784184,489
true,building:ruian:type,string,1104,2653439,36
true,government,string,2714,9641,404
true,seamark:beacon_isolated_danger:colour_pattern,string,50,284,3
true,name:etymology:wikidata,string,1358,32020,2094
true,volcano:status,string,155,792,7
true,openGeoDB:location,string,2136,17618,11
true,official_name:ru,string,230,1326,841
true,luminous,string,132,2246,5
true,busway,string,1239,5590,29
true,seamark:buoy_isolated_danger:colour_pattern,string,42,420,1
true,plant:output:electricity,string,1006,7362,2000
true,guest_house,string,442,1563,19
true,destination:to,string,158,2596,455
true,restaurant,string,828,11652,99
true,dispensing,string,12508,62281,359
true,area:highway,string,2543,130277,145
true,department,string,196,645,451
true,genus:de,string,782,52078,380
true,waterway,string,71129,15097538,699
true,traffic,string,467,16667,32
true,beacon,string,137,1587,27
true,seamark:buoy_lateral:system,string,318,32280,5
true,motorcycle:clothes,string,95,605,6
true,button_operated,string,2355,21740,15
true,seamark:beacon_lateral:system,string,235,14500,4
true,conveying,string,917,10581,21
true,building:parts,string,570,4513,14
true,currency,string,88,212,37
true,genus,string,2772,489113,1276
true,zone:maxspeed,string,3561,72570,73
true,attraction,string,2655,18708,374
true,noexit,string,17683,525179,138
true,alt_name_1,string,864,7755,6277
true,alt,string,157,608,557
true,ISO3166-1:alpha3,string,77,302,246
true,emergency,string,26368,1048919,318
true,ramp:bicycle,string,1215,4795,9
true,townhall:type,string,764,4444,20
true,tsunami:damage,string,90,1418,26
true,motorcycle:sales,string,134,931,12
true,covered,string,22682,369502,102
true,payment:girocard,string,742,3160,6
true,drive_through,string,11868,51336,65
true,payment:cash,string,6091,32772,53
true,lift_gate:type,string,348,1024,7
true,whitewater:grade,string,51,232,19
true,operator:type,string,3041,152841,254
true,community_centre,string,607,2265,51
true,bicycle:conditional,string,452,2515,308
true,bic,string,698,3688,700
true,subject,string,131,217,116
true,place,string,57773,4987867,1660
true,building:levels,string,104968,10787861,2394
true,dance:style,string,196,281,136
true,addr:place:it,string,121,14709,247
true,climbing:rock,string,296,1950,44
true,healthcare:speciality,string,4458,21326,2116
true,passing_places,string,1585,6878,14
true,addr:street:prefix,string,433,487492,15
true,min_height,string,2031,94726,3379
true,ramp:wheelchair,string,1673,5892,12
true,source,string,197731,187488254,208136
true,short_name:ar,string,54,589,331
true,traffic_signals:minimap,string,63,1105,4
true,mdb_id,string,69,1102,1057
true,rcn,string,1653,18915,23
true,volcano:type,string,92,540,13
true,passenger_information_display,string,382,18003,4
true,light:character,string,44,365,14
true,railway:preserved,string,281,4020,4
true,beacon:code,string,128,1217,993
true,class:bicycle:mtb:technical,string,80,339,7
true,addr:flats,string,1290,129519,16389
true,old_ref,string,10875,354295,16686
true,tomb,string,801,6307,81
true,real_cider,string,99,278,21
true,highspeed,string,698,62402,20
true,ref:shop:num,string,83,2107,2043
true,display,string,2134,10207,51
true,sides,string,118,1731,5
true,seamark:beacon_lateral:category,string,330,20839,25
true,restriction:conditional,string,239,5525,1219
true,historic:period,string,378,7039,294
true,dog,string,1478,11918,50
true,name:ja_rm,string,1752,96451,25220
true,addr:place:de,string,125,14732,260
true,prominence,string,56,1150,438
true,planned,string,174,1103,64
true,generator:output:hot_water,string,679,2321,240
true,fuel:octane_95,string,9020,51678,13
true,golf,string,3384,301822,131
true,bath:type,string,245,476,17
true,openGeoDB:sort_name,string,2452,19940,16051
true,ts_orientacion,string,191,10691,4
true,trees,string,2997,118031,268
true,seamark:landmark:function,string,369,1560,25
true,barrier:personnel,string,45,179,8
true,capacity,string,40287,432173,3903
true,fast_food,string,471,1490,44
true,structure,string,925,157492,82
true,species:fr,string,221,26895,895
true,name:ko_rm,string,1856,141150,87801
true,post_office,string,66,162,21
true,color,string,359,8050,268
true,turn,string,1133,10322,127
true,rotor:diameter,string,172,8099,189
true,name:nn,string,406,1567,1122
true,ladder,string,290,1240,22
true,naptan:AltIndicator,string,42,668,148
true,parking:lane,string,391,2495,37
true,parking:condition:both,string,1480,14209,50
true,name:suffix,string,100,430,110
true,openGeoDB:type,string,2312,19917,59
true,ncn,string,540,3397,17
true,toilets:handwashing,string,119,12768,5
true,piste:difficulty,string,4390,101479,47
true,sqkm,string,43,286,276
true,name:bn,string,536,3222,2515
true,backrest,string,14947,367092,100
true,artist:wikidata,string,132,963,395
true,content,string,2568,72012,241
true,branch,string,2502,65349,29920
true,wikipedia:en,string,911,5516,3428
true,fruit,string,91,365,46
true,forestry,string,665,4901,11
true,access,string,100305,7108315,2628
true,building:type,string,1084,47155,256
true,railway,string,33904,4077640,384
true,seamark:beacon_lateral:colour_pattern,string,58,3343,3
true,pilgrimage,string,451,966,15
true,timezone,string,185,839,412
true,snowplowing,string,747,42452,15
true,fuel:lpg,string,5081,22709,11
true,ramsar,string,107,257,2
true,listed_status,string,315,10091,43
true,aircraft:type,string,88,418,91
true,garden:type,string,1085,40337,66
true,WroclawGIS:addr:date,string,67,37960,3
true,old_name,string,15677,253874,115142
true,alt_name,string,27989,820418,463202
true,workshop,string,112,215,30
true,nat_name,string,1185,20078,2576
true,hazard,string,1263,13991,750
true,zoo,string,673,2078,37
true,escalator,string,344,1146,8
true,minspeed,string,966,36570,42
true,stone_type,string,142,1339,9
true,addr:suburb,string,12230,4517284,30763
true,seamark:buoy_safe_water:colour,string,66,671,9
true,shoulder,string,747,28170,14
true,trolley_wire,string,2393,47816,10
true,seamark:daymark:shape,string,46,2281,21
true,wifi,string,4838,10324,65
true,seamark:bridge:clearance_height_closed,string,80,1246,354
true,addr:city:en,string,231,161167,174
true,to,string,6874,123063,60333
true,roof:orientation,string,2974,256559,158
true,seamark:buoy_lateral:colour_pattern,string,61,2477,1
true,alt_name:ko,string,104,471,302
true,icao,string,2265,13989,12814
true,building:min_level,string,2893,59185,173
true,currency:others,string,299,3103,2
true,toilets:type,string,94,4696,8
true,playground,string,3604,26657,555
true,ref:TECH,string,49,5639,5627
true,openGeoDB:population,string,2192,17690,4612
true,ship:type,string,149,396,89
true,maxwidth,string,4056,23405,715
true,max_age,string,1128,5012,108
true,currency:PLN,string,149,507,1
true,seamark:radar_transponder:period,string,47,328,18
true,abandoned:place,string,316,6370,24
true,disabled_spaces,string,123,356,16
true,generator:output:cold_water,string,55,93,12
true,ruined,string,55,188,10
true,loc_name,string,6507,76121,27807
true,park_ride,string,16560,100360,87
true,condition,string,2065,170312,143
true,note:en,string,743,4609,943
true,seamark:rock:water_level,string,113,9950,23
true,seamark:topmark:colour,string,465,29186,41
true,fvst:navnelbnr,string,285,19964,19735
true,stroller,string,142,776,4
true,fuel:cng,string,2591,10784,7
true,roof:levels,string,6824,285826,98
true,amenity,string,360408,13076100,9158
true,abandoned:amenity,string,751,3656,118
true,seamark:light:period,string,999,24513,86
true,mtb:scale:uphill,string,9158,97324,80
true,naptan:AltStreet,string,82,1183,306
true,drinkable,string,611,1704,6
true,diet,string,131,174,31
true,int_ref,string,7029,393845,1309
true,voltage-high,string,190,6776,54
true,breakfast,string,452,1375,83
true,cycleway:both,string,4078,67027,12
true,tactile_writing:braille:de,string,44,332,3
true,name:fi,string,2851,245202,79765
true,buoy:shape,string,49,657,12
true,toilets,string,3301,29520,95
true,tower:construction,string,1976,12238,104
true,delivery,string,13233,38751,198
true,red_turn:right,string,53,1265,2
true,payment:contactless,string,208,863,5
true,lanes,string,73197,8115569,293
true,kct_yellow,string,172,1508,14
true,material,string,12624,797076,1003
true,seamark:buoy_special_purpose:category,string,93,2637,43
true,land_area,string,232,3380,9
true,is_in:region,string,2727,176310,979
true,addr:unit,string,5123,258146,15230
true,permanent,string,153,1442,2
true,animal_keeping,string,315,1850,35
true,pet,string,221,339,44
true,surveillance:zone,string,1490,19144,168
true,not:name:note,string,122,602,323
true,maxweight,string,11064,129851,673
true,ele,string,36532,5938203,168066
true,power_source,string,469,3325,40
true,bench,string,17550,412135,94
true,payment:none,string,563,3182,4
true,oneway,string,134001,12336101,88
true,medical_supply,string,68,154,21
true,lawyer,string,854,1990,41
true,contact:skype,string,78,127,121
true,lock_name,string,368,4880,4137
true,service:bicycle:repair,string,2681,6245,7
true,ice_road,string,453,9402,5
true,name:br,string,940,36133,19953
true,circumference,string,561,416259,1621
true,fishing,string,349,1648,28
true,diplomatic,string,725,3521,20
true,bicycle_road,string,1601,5534,11
true,short_name,string,6642,110440,48950
true,payment:electronic_purses,string,1809,11286,29
true,name:nds-nl,string,75,229,162
true,access:conditional,string,1404,10321,1464
true,monitoring:radiation,string,43,91,2
true,is_in,string,28276,2286209,65373
true,reg_ref,string,2200,63223,2324
true,boat,string,14640,330325,65
true,piste:ref,string,199,2562,440
true,inscription:url,string,81,201,193
true,fuel:diesel,string,11436,65756,18
true,seamark:buoy_isolated_danger:colour,string,47,448,10
true,is_in:hamlet,string,88,710,237
true,diplomatic:sending_country,string,76,316,124
true,phone,string,110082,1154394,1084579
true,gauge,string,13036,1556820,272
true,protect_class,string,3145,45694,64
true,safety_rope,string,129,769,23
true,currency:RUB,string,110,1659,1
true,ncn_milepost,string,99,521,5
true,route_ref:TECX,string,51,5849,971
true,charge,string,672,3280,1267
true,landuse,string,159061,22227439,2308
true,road_marking,string,118,27816,85
true,building:colour,string,5428,460531,22255
true,disused:shop,string,1607,8151,326
true,ownership,string,1319,46015,102
true,email,string,47221,254899,232118
true,openGeoDB:name,string,2469,20502,17817
true,monitoring:gps,string,52,84,2
true,kct_blue,string,139,1058,12
true,centralkey,string,185,465,7
true,target,string,301,1246,133
true,wall:material,string,291,18796,67
true,feeding:fodder,string,47,460,16
true,pressure,string,82,387,54
true,building:levels:underground,string,1329,64327,28
true,addr:interpolation,string,6317,2076495,467
true,noref,string,520,17088,8
true,addr:provisionalnumber,string,372,395185,7684
true,wiki:symbol,string,853,6641,2074
true,windmill:vanes,string,191,699,5
true,gvr:code,string,1059,36582,15403
true,opening_date,string,919,6800,790
true,telecom,string,411,3670,96
true,name:de,string,14982,377242,230923
true,destination:forward,string,1743,24187,12090
true,change,string,59,1306,11
true,driving_side,string,79,221,2
true,name:ml,string,374,4287,3249
true,watermill:disused,string,94,295,3
true,border_type,string,4251,115817,119
true,earthquake:damage,string,163,5244,23
true,destination:ref:lanes,string,836,10938,5742
true,tracktype,string,61642,5609155,342
true,long_name:ar,string,44,2257,2150
true,crossing:light,string,2367,38022,10
true,electrified,string,12573,1350273,77
true,traffic_signals:direction,string,2208,54146,393
true,shooting,string,546,1298,59
true,buoy:colour,string,178,6924,27
true,openfire,string,487,2043,7
true,culvert,string,654,4298,16
true,generator:output:biogas,string,81,255,18
true,tree_lined,string,536,3216,10
true,bridge_name,string,655,4127,3025
true,fire_rank,string,339,7698,21
true,addr:street:type,string,557,589736,53
true,manufacturer:type,string,285,12271,555
true,ref:edubase,string,510,12725,12368
true,headframe,string,372,1998,26
true,prow_ref,string,476,52729,26562
true,sorting_name,string,443,14462,5068
true,name:ja-Hira,string,197,8951,4811
true,name:full,string,265,7729,3378
true,lanes:psv,string,771,5093,12
true,seamark:buoy_safe_water:shape,string,64,625,8
true,seamark:beacon_cardinal:category,string,93,636,5
true,route_master,string,2130,37035,74
true,name:ja_kana,string,877,43266,18629
true,is_in:continent,string,2990,179846,27
true,name:es,string,16599,146736,93085
true,postal_code,string,15747,650498,67594
true,handrail:right,string,1414,10873,8
true,minibus,string,50,579,3
true,brand:wikipedia,string,441,24180,495
true,fire_object:type,string,113,1327,6
true,addr:block,string,62,134545,841
true,gas_insulated,string,92,858,4
true,attribution,string,9548,7776832,3909
true,draft,string,149,831,55
true,name:eu,string,829,19348,8941
true,ramp:luggage,string,688,2335,4
true,link,string,217,631,156
true,mountain_pass,string,1907,25547,10
true,man_made,string,58596,2610721,2854
true,internet_access:fee,string,12801,44398,86
true,cyclestreet,string,121,734,1
true,rwn_ref,string,438,21357,2268
true,beds,string,1448,7338,555
true,kct_green,string,215,2181,13
true,name:ru:word_stress,string,46,1171,951
true,ruins,string,4719,59643,274
true,seamark:restricted_area:category,string,95,508,33
true,moved,string,125,2180,7
true,payment:visa,string,2989,13876,11
true,leaf_type,string,16463,2184417,119
true,swimming_pool,string,311,4048,29
true,animal_breeding,string,211,1331,79
true,owner,string,2905,84075,11566
true,railway:signal:speed_limit,string,261,21195,56
true,abutters,string,3160,65996,99
true,name:en,string,93130,2785520,1326293
true,addr:street,string,298439,72875278,2091756
true,playground:theme,string,63,273,80
true,longitude,string,381,5217,5139
true,households,string,40,1527,474
true,lcn,string,6071,142554,103
true,cycleway:buffer,string,163,2419,79
true,communication:gsm-r,string,121,1424,3
true,building:architecture,string,741,21481,265
true,addr:door,string,354,4981,1121
true,fuel:biodiesel,string,1778,3424,4
true,workrules,string,602,67938,29
true,motorhome,string,199,590,12
true,sanitary_dump_station,string,1114,2929,10
true,aerodrome,string,370,1183,46
true,ski:rental,string,40,59,1
true,boundary_type,string,217,1915,37
true,destination:country,string,161,2144,202
true,communication:radio,string,643,4137,23
true,protect_id,string,402,2890,197
true,scenic,string,514,5235,4
true,addr:city:simc,string,2325,3217078,34909
true,winter_road,string,224,4400,2
true,check_date,string,1271,65277,2593
true,day_on,string,365,845,46
true,jel,string,207,3302,147
true,class:bicycle:touring,string,124,575,7
true,rtsa_scale,string,49,7808,60
true,operator,string,113769,4091466,434277
true,mofa,string,1572,58210,17
true,message,string,213,2347,64
true,reg_name,string,1820,33801,3079
true,WroclawGIS:building:ID,string,94,150728,148786
true,seamark:name,string,1961,72691,59226
true,seamark:radio_station:category,string,56,408,18
true,seamark:buoy_lateral:colour,string,437,41675,25
true,communication:microwave,string,370,2696,3
true,abandoned:railway,string,849,14501,74
true,name:wikipedia,string,80,473,231
true,fire_station:type,string,192,1689,32
true,fire_hydrant:pressure,string,1213,48713,958
true,turn:lanes:backward,string,6409,161666,1090
true,name:sk,string,1049,5737,3795
true,turn:lanes:both_ways,string,638,20650,31
true,museum,string,349,616,108
true,change:lanes:forward,string,1395,26504,166
true,meadow,string,1616,320637,51
true,at_bev:addr_date,string,405,440263,7
true,seamark:light:sequence,string,524,7979,973
true,motorcycle,string,20636,412841,122
true,entrance,string,18205,1537058,623
true,duration,string,804,3150,505
true,architect:wikipedia,string,73,290,184
true,fuel:LH2,string,62,74,4
true,ifr,string,45,122,2
true,roof:direction,string,716,21785,3411
true,plant:output:hot_water,string,237,662,167
true,orientation,string,175,1824,155
true,heritage,string,3834,105303,64
true,building:units,string,543,2719567,430
true,fence_type,string,11104,256898,771
true,aquaculture,string,291,7359,23
true,club,string,3262,10090,491
true,lacounty:bld_id,string,731,2965307,2940211
true,seamark:platform:category,string,44,1286,15
true,name:nl,string,3141,42984,17452
true,destination:lanes:forward,string,606,3594,2343
true,destination:lanes:backward,string,505,3089,1949
true,plant:output:steam,string,53,101,28
true,transformer,string,1242,40547,63
true,hov,string,1224,14123,29
true,USGS-LULC:LEVEL_I,string,236,14598,9
true,navibot:categorize,string,229,4822,3
true,name:ko,string,3857,150154,77131
true,farmyard,string,45,618,25
true,disused:railway,string,1113,15897,79
true,craft,string,19176,97674,1765
true,harbour,string,737,3605,18
true,architect,string,1449,16155,7380
true,laundry_service,string,244,309,4
true,destination:lanes,string,1840,26629,18672
true,start_date,string,15699,14051322,30893
true,maxgcweight,string,233,4828,35
true,bdouble,string,1093,55251,2
true,roof:material,string,5216,737060,508
true,aerialway,string,4848,95858,82
true,inline_skates,string,397,2815,7
true,devices,string,43,323,7
true,handrail,string,6252,34954,47
true,step:condition,string,59,286,6
true,ref:taskey,string,40,153,152
true,name:vo,string,161,647,373
true,ref:FR:FANTOIR:left,string,81,199,140
true,source_ref,string,9300,2710704,39371
true,shop,string,192772,3352829,10042
true,pump,string,908,25488,29
true,generator:plant,string,87,1394,2
true,theme,string,40,61,33
true,onkz,string,1517,7094,4661
true,fuel:1_50,string,878,1424,4
true,trolleybus,string,1000,19270,5
true,cutting,string,9178,52651,23
true,traffic_signals:vibration,string,409,4521,7
true,hazard_prone,string,132,2504,3
true,taxi,string,1851,18197,35
true,fire_operator,string,537,44640,484
true,railway:pzb,string,584,104786,10
true,political_division,string,895,8376,41
true,oneway:moped,string,339,4116,4
true,lanes:psv:forward,string,303,1682,5
true,bridge:alt_name,string,58,146,65
true,height,string,20190,9224119,83081
true,kct_red,string,126,828,12
true,tents,string,1881,7382,34
true,class:bicycle:mtb,string,789,16924,8
true,building,string,370022,290572160,10278
true,carriageway_ref,string,161,10790,86
true,osmarender:nameDirection,string,238,1926,7
true,busway:left,string,457,1589,8
true,old_ref_legislative,string,715,40400,1387
true,cycleway:lane,string,49,392,19
true,change:forward,string,181,3683,9
true,seamark:daymark:colour,string,42,2159,32
true,expressway,string,141,2683,2
true,motorcycle:lanes,string,58,461,38
true,turn:backward,string,156,795,37
true,name:tr,string,2454,11390,8543
true,minspeed:lanes,string,68,687,59
true,beauty,string,1814,4004,215
true,surface:grade,string,449,12451,11
true,hiking,string,6540,176529,68
true,dibavod:id,string,1342,240331,207675
true,turn:forward,string,170,841,38
true,water,string,44717,1559212,1312
true,parking:condition:left,string,1364,11025,79
true,side_road,string,74,797,4
true,voltage-low,string,153,4629,83
true,RLIS:bicycle,string,90,3168,1
true,parish,string,154,4319,2279
true,clc:code,string,481,56663,49
true,coffee,string,148,215,7
true,bridge:structure,string,2679,21427,80
true,pk,string,285,7983,2998
true,right:country,string,548,4984,167
true,tiger:name_direction_prefix_4,string,89,480,7
true,driveway,string,149,15939,17
true,rtc_rate,string,114,748,9
true,USGS-LULC:CNTYNAME,string,236,14438,147
true,USGS-LULC:LEVEL_II,string,236,14633,28
true,lock,string,715,7210,7
true,horse_scale,string,445,1889,9
true,fuel:discount,string,160,929,44
true,symbol,string,4683,59234,18059
true,recording,string,105,1121,15
true,protected_area,string,123,241,18
true,currency:CAD,string,53,152,1
true,ts_calle,string,191,10692,1170
true,clc:code_06,string,96,9979,14
true,paved,string,562,2003,22
true,tiger:name_base_5,string,63,206,60
true,KSJ2:LPN,string,42,94939,170
true,distillery,string,117,380,70
true,sloped_curb,string,1859,34352,51
true,flood_prone,string,587,22788,12
true,seamark:pipeline_submarine:product,string,63,1319,9
true,lockable,string,238,7203,5
true,protected,string,807,33995,17
true,water_well,string,214,1969,12
true,taxon,string,600,177539,1740
true,occurrence,string,101,6183,1
true,class:bicycle,string,640,9233,8
true,seasonal,string,3194,155012,83
true,bunker_type,string,974,18772,233
true,KSJ2:lake_id,string,42,94939,157
true,seamark:bridge:category,string,393,6550,12
true,stairs,string,342,1897,22
true,caravan,string,263,1047,8
true,level_crossing,string,344,2445,31
true,seamark:navigation_line:orientation,string,57,507,396
true,seamark:navigation_line:category,string,48,534,4
true,historic_name,string,102,543,232
true,par,string,427,9720,38
true,assisted_trail,string,50,223,7
true,network:wikidata,string,115,2210,47
true,ascent,string,846,5424,1802
true,rating,string,432,11353,1026
true,fire_boundary,string,101,268,1
true,roundtrip,string,3192,24723,26
true,bmo:type,string,249,84504,4
true,railway:signal:position,string,504,116725,24
true,baseball,string,135,904,28
true,addr:district,string,5794,706072,7959
true,handrail:left,string,1383,10989,8
true,adr_les,string,627,98640,77618
true,fuel:octane_87,string,324,1484,3
true,sport,string,80968,1417364,8325
true,descent,string,548,3293,1005
true,user_defined_other,string,164,510,326
true,distance,string,5822,169967,22868
true,route_ref:TECB,string,56,3567,316
true,network,string,24687,1186098,16465
true,building:fireproof,string,305,220363,12
true,piste:oneway,string,880,10369,8
true,centre_turn_lane,string,375,6774,7
true,building:part,string,7213,610714,504
true,maxstay,string,4731,15381,1027
true,name:prefix,string,1364,117033,360
true,railway:track_ref,string,776,65931,3908
true,unit,string,82,901,263
true,service:bicycle:rental,string,1026,1906,4
true,railway:position,string,704,57917,7165
true,snowplowing:category,string,58,5675,17
true,destination:backward,string,1593,20766,10682
true,tiger:name_direction_suffix_4,string,67,289,8
true,share_taxi,string,701,14434,8
true,ramp:stroller,string,1084,4720,8
true,bar,string,352,1035,39
true,deanery,string,276,8930,823
true,source:addr,string,8321,6825001,3740
true,parking,string,54758,1078849,462
true,guidepost,string,315,8155,57
true,name:kn,string,879,54707,28790
true,tracks,string,3137,181376,23
true,climbing,string,259,1543,34
true,payment:credit_cards,string,4901,24697,91
true,cycle_network,string,472,2133,175
true,name:oc,string,613,6284,2900
true,seamark:bridge:clearance_width,string,162,3066,889
true,name:gd,string,375,3359,2436
true,kindergarten:FR,string,88,398,11
true,is_in:province,string,2370,155271,670
true,twitter,string,322,1402,1069
true,enforcement,string,2192,17504,43
true,railway:bidirectional,string,510,60303,8
true,validate:no_name,string,86,1524,5
true,generator:type,string,2768,162933,178
true,compressed_air,string,445,5007,5
true,board_type,string,6263,67952,613
true,pole:type,string,72,3713,22
true,tank,string,88,568,34
true,nursery,string,116,225,3
true,seamark:distance_mark:units,string,117,9187,7
true,drink:club-mate,string,486,832,8
true,name:tzl,string,110,424,236
true,crossing,string,32409,1761626,611
true,after_school,string,67,123,3
true,group_only,string,161,279,2
true,cemetery,string,558,13909,37
true,detour,string,514,3020,167
true,monorail,string,142,1064,8
true,chicago:building_id,string,415,726879,726429
true,motorcycle:parts,string,109,705,9
true,addr,string,162,2499,2259
true,addr:state,string,27127,3437614,1271
true,dance:teaching,string,605,886,6
true,sub_sea,string,110,5369,6
true,unnamed,string,171,4417,3
true,bridge:movable,string,662,2498,18
true,diameter_crown,string,199,176581,440
true,passenger_lines,string,3637,414357,14
true,osmc:status,string,376,3967,37
true,importance,string,638,54582,35
true,openplaques:id,string,115,659,653
true,cover,string,94,2625,14
true,site_type,string,1848,47052,297
true,whitewater:section_grade,string,360,1530,43
true,mtb:scale,string,18803,454473,196
true,fire_hydrant:city,string,249,17113,471
true,building:roof:colour,string,393,14224,6713
true,antenna,string,76,367,34
true,wall,string,8695,11873829,339
true,name:tok,string,40,292,225
true,latitude,string,380,5217,5148
true,monitoring:water_level,string,361,2211,4
true,destination:ref:to,string,490,7298,2046
true,name:no,string,672,3568,2576
